FabricBegin,,,,,,,,,,,,,,,,,,
N_term_RAM_IO,EXT_PMOD_0,EXT_PMOD_1,NPU_CTRL_CFG_0,NPU_CTRL_CFG_1,NPU_ACCUM_N_0,NPU_ACCUM_N_1,NPU_ACCUM_N_2,NPU_ACCUM_N_3,NPU_ACCUM_N_4,N_term_RAM_IO,,#,,,,,,,
AXI_M_IO_W_9,LUT4AB,LUT4AB,LUT4AB,LUT4AB,LUT4AB,LUT4AB,LUT4AB,LUT4AB,LUT4AB,RAM_IO,,#,,,,,,,
AXI_M_IO_W_8,LUT4AB,LUT4AB,LUT4AB,LUT4AB,LUT4AB,LUT4AB,LUT4AB,LUT4AB,LUT4AB,RAM_IO,,#,,,,,,,
AXI_M_IO_W_7,LUT4AB,LUT4AB,LUT4AB,LUT4AB,LUT4AB,LUT4AB,LUT4AB,LUT4AB,LUT4AB,NPU_ACT_ROW,,#,,,,,,,
AXI_M_IO_W_6,LUT4AB,LUT4AB,LUT4AB,LUT4AB,LUT4AB,LUT4AB,LUT4AB,LUT4AB,LUT4AB,NPU_ACT_ROW,,#,,,,,,,
AXI_M_IO_W_5,LUT4AB,LUT4AB,LUT4AB,LUT4AB,LUT4AB,LUT4AB,LUT4AB,LUT4AB,LUT4AB,NPU_ACT_ROW,,#,,,,,,,
AXI_M_IO_W_4,LUT4AB,LUT4AB,LUT4AB,LUT4AB,LUT4AB,LUT4AB,LUT4AB,LUT4AB,LUT4AB,NPU_ACT_ROW,,#,,,,,,,
AXI_M_IO_W_3,LUT4AB,LUT4AB,LUT4AB,LUT4AB,LUT4AB,LUT4AB,LUT4AB,LUT4AB,LUT4AB,NPU_ACT_ROW,,#,,,,,,,
AXI_M_IO_W_2,LUT4AB,LUT4AB,LUT4AB,LUT4AB,LUT4AB,LUT4AB,LUT4AB,LUT4AB,LUT4AB,NPU_ACT_ROW,,#,,,,,,,
AXI_M_IO_W_1,LUT4AB,LUT4AB,LUT4AB,LUT4AB,LUT4AB,LUT4AB,LUT4AB,LUT4AB,LUT4AB,NPU_ACT_ROW,,#,,,,,,,
AXI_M_IO_W_0,LUT4AB,LUT4AB,LUT4AB,LUT4AB,LUT4AB,LUT4AB,LUT4AB,LUT4AB,LUT4AB,NPU_ACT_ROW,,#,,,,,,,
AXIL_S_IO_W_5,LUT4AB,LUT4AB,LUT4AB,LUT4AB,LUT4AB,LUT4AB,LUT4AB,LUT4AB,LUT4AB,NPU_ACT_ROW,,#,,,,,,,
AXIL_S_IO_W_4,LUT4AB,LUT4AB,LUT4AB,LUT4AB,LUT4AB,LUT4AB,LUT4AB,LUT4AB,LUT4AB,NPU_ACT_ROW,,#,,,,,,,
AXIL_S_IO_W_3,LUT4AB,LUT4AB,LUT4AB,LUT4AB,LUT4AB,LUT4AB,LUT4AB,LUT4AB,LUT4AB,NPU_ACT_ROW,,#,,,,,,,
AXIL_S_IO_W_2,LUT4AB,LUT4AB,LUT4AB,LUT4AB,LUT4AB,LUT4AB,LUT4AB,LUT4AB,LUT4AB,NPU_ACT_ROW,,#,,,,,,,
AXIL_S_IO_W_1,LUT4AB,LUT4AB,LUT4AB,LUT4AB,LUT4AB,LUT4AB,LUT4AB,LUT4AB,LUT4AB,NPU_ACT_ROW,,#,,,,,,,
AXIL_S_IO_W_0,LUT4AB,LUT4AB,LUT4AB,LUT4AB,LUT4AB,LUT4AB,LUT4AB,LUT4AB,LUT4AB,NPU_ACT_ROW,,#,,,,,,,
S_term_RAM_IO,SOC_DEBUG_IO,SOC_DEBUG_IO,SOC_DEBUG_IO,SOC_DEBUG_IO,NPU_ACCUM_S_0,NPU_ACCUM_S_1,NPU_ACCUM_S_2,NPU_ACCUM_S_3,NPU_ACCUM_S_4,S_term_RAM_IO,,#,,,,,,,
FabricEnd,,,,,,,,,,,,,,,,,,

,,,,,,,,,,,,,,,,,,
ParametersBegin,,,,,,,,,,,,,,,,,,
ConfigBitMode,frame_based,# default is FlipFlopChain,,frame_based,,,,,,,,,,,,,,
#FrameBitsPerRow,32,"# we configure an entire configuration frame over the full height of the device (like Virtex-II) and we write FrameBitsPerRow bits per, well, tile=CLB height",,,,,,,,,,,,,,,,
#MaxFramesPerCol,20,,,,,,,,,,,,,,,,,
#Package,use work.my_package.all;,,,,,,,,,,,,,,,,,
GenerateDelayInSwitchMatrix,80,,,,,,,,,,,,,,,,,
MultiplexerStyle,custom,#,custom,generic,,,,,,,,,,,,,,
SuperTileEnable,TRUE,#,TRUE,FALSE,,,,,,,,,,,,,,
UserCLKDirection,W2E
,,,,,,,,,,,,,,,,,,
Tile,./Tile/LUT4AB/LUT4AB.csv,,,,,,,,,,,,,,,,,
Tile,./Tile/SOC_DEBUG_IO/SOC_DEBUG_IO.csv,,,,,,,,,,,,,,,,,
Tile,./Tile/EXT_PMOD/EXT_PMOD_0/EXT_PMOD_0.csv,,,,,,,,,,,,,,,,,
Tile,./Tile/EXT_PMOD/EXT_PMOD_1/EXT_PMOD_1.csv,,,,,,,,,,,,,,,,,
Tile,./Tile/NPU_CTRL_CFG/NPU_CTRL_CFG_0/NPU_CTRL_CFG_0.csv,,,,,,,,,,,,,,,,,
Tile,./Tile/NPU_CTRL_CFG/NPU_CTRL_CFG_1/NPU_CTRL_CFG_1.csv,,,,,,,,,,,,,,,,,
Tile,./Tile/NPU_ACCUM_N/NPU_ACCUM_N_0/NPU_ACCUM_N_0.csv,,,,,,,,,,,,,,,,,
Tile,./Tile/NPU_ACCUM_N/NPU_ACCUM_N_1/NPU_ACCUM_N_1.csv,,,,,,,,,,,,,,,,,
Tile,./Tile/NPU_ACCUM_N/NPU_ACCUM_N_2/NPU_ACCUM_N_2.csv,,,,,,,,,,,,,,,,,
Tile,./Tile/NPU_ACCUM_N/NPU_ACCUM_N_3/NPU_ACCUM_N_3.csv,,,,,,,,,,,,,,,,,
Tile,./Tile/NPU_ACCUM_N/NPU_ACCUM_N_4/NPU_ACCUM_N_4.csv,,,,,,,,,,,,,,,,,
Tile,./Tile/NPU_ACCUM_S/NPU_ACCUM_S_0/NPU_ACCUM_S_0.csv,,,,,,,,,,,,,,,,,
Tile,./Tile/NPU_ACCUM_S/NPU_ACCUM_S_1/NPU_ACCUM_S_1.csv,,,,,,,,,,,,,,,,,
Tile,./Tile/NPU_ACCUM_S/NPU_ACCUM_S_2/NPU_ACCUM_S_2.csv,,,,,,,,,,,,,,,,,
Tile,./Tile/NPU_ACCUM_S/NPU_ACCUM_S_3/NPU_ACCUM_S_3.csv,,,,,,,,,,,,,,,,,
Tile,./Tile/NPU_ACCUM_S/NPU_ACCUM_S_4/NPU_ACCUM_S_4.csv,,,,,,,,,,,,,,,,,
Tile,./Tile/N_term_single/N_term_single.csv,,,,,,,,,,,,,,,,,
Tile,./Tile/S_term_single/S_term_single.csv,,,,,,,,,,,,,,,,,
Tile,./Tile/RAM_IO/RAM_IO.csv,,,,,,,,,,,,,,,,,
Tile,./Tile/N_term_RAM_IO/N_term_RAM_IO.csv,,,,,,,,,,,,,,,,,
Tile,./Tile/S_term_RAM_IO/S_term_RAM_IO.csv,,,,,,,,,,,,,,,,,
Tile,./Tile/RegFile/RegFile.csv,,,,,,,,,,,,,,,,,
Tile,./Tile/N_term_single2/N_term_single2.csv,,,,,,,,,,,,,,,,,
Tile,./Tile/S_term_single2/S_term_single2.csv,,,,,,,,,,,,,,,,,
Tile,./Tile/W_IO/W_IO.csv,,,,,,,,,,,,,,,,,
Tile,./Tile/DSP/DSP_top/DSP_top.csv,,,,,,,,,,,,,,,,,
Tile,./Tile/DSP/DSP_bot/DSP_bot.csv,,,,,,,,,,,,,,,,,
Tile,./Tile/N_term_DSP/N_term_DSP.csv,,,,,,,,,,,,,,,,,
Tile,./Tile/S_term_DSP/S_term_DSP.csv,,,,,,,,,,,,,,,,,
Tile,./Tile/AXIL_S_IO_W/AXIL_S_IO_W_0/AXIL_S_IO_W_0.csv,,,,,,,,,,,,,,,,,
Tile,./Tile/AXIL_S_IO_W/AXIL_S_IO_W_1/AXIL_S_IO_W_1.csv,,,,,,,,,,,,,,,,,
Tile,./Tile/AXIL_S_IO_W/AXIL_S_IO_W_2/AXIL_S_IO_W_2.csv,,,,,,,,,,,,,,,,,
Tile,./Tile/AXIL_S_IO_W/AXIL_S_IO_W_3/AXIL_S_IO_W_3.csv,,,,,,,,,,,,,,,,,
Tile,./Tile/AXIL_S_IO_W/AXIL_S_IO_W_4/AXIL_S_IO_W_4.csv,,,,,,,,,,,,,,,,,
Tile,./Tile/AXIL_S_IO_W/AXIL_S_IO_W_5/AXIL_S_IO_W_5.csv,,,,,,,,,,,,,,,,,
Tile,./Tile/AXI_M_IO_W/AXI_M_IO_W_0/AXI_M_IO_W_0.csv,,,,,,,,,,,,,,,,,
Tile,./Tile/AXI_M_IO_W/AXI_M_IO_W_1/AXI_M_IO_W_1.csv,,,,,,,,,,,,,,,,,
Tile,./Tile/AXI_M_IO_W/AXI_M_IO_W_2/AXI_M_IO_W_2.csv,,,,,,,,,,,,,,,,,
Tile,./Tile/AXI_M_IO_W/AXI_M_IO_W_3/AXI_M_IO_W_3.csv,,,,,,,,,,,,,,,,,
Tile,./Tile/AXI_M_IO_W/AXI_M_IO_W_4/AXI_M_IO_W_4.csv,,,,,,,,,,,,,,,,,
Tile,./Tile/AXI_M_IO_W/AXI_M_IO_W_5/AXI_M_IO_W_5.csv,,,,,,,,,,,,,,,,,
Tile,./Tile/AXI_M_IO_W/AXI_M_IO_W_6/AXI_M_IO_W_6.csv,,,,,,,,,,,,,,,,,
Tile,./Tile/AXI_M_IO_W/AXI_M_IO_W_7/AXI_M_IO_W_7.csv,,,,,,,,,,,,,,,,,
Tile,./Tile/AXI_M_IO_W/AXI_M_IO_W_8/AXI_M_IO_W_8.csv,,,,,,,,,,,,,,,,,
Tile,./Tile/AXI_M_IO_W/AXI_M_IO_W_9/AXI_M_IO_W_9.csv,,,,,,,,,,,,,,,,,
Tile,./Tile/NPU_ACT_ROW/NPU_ACT_ROW.csv,,,,,,,,,,,,,,,,,
Tile,./Tile/RAM_IO_W/RAM_IO_W.csv,,,,,,,,,,,,,,,,,
Tile,./Tile/E_IO/E_IO.csv,,,,,,,,,,,,,,,,,
Tile,./Tile/N_IO/N_IO.csv,,,,,,,,,,,,,,,,,
Tile,./Tile/S_IO/S_IO.csv,,,,,,,,,,,,,,,,,
,,,,,,,,,,,,,,,,,,
Supertile,./Tile/DSP/DSP.csv,,,,,,,,,,,,,,,,,
Supertile,./Tile/AXI_M_IO_W/AXI_M_IO_W.csv,,,,,,,,,,,,,,,,,
Supertile,./Tile/AXIL_S_IO_W/AXIL_S_IO_W.csv,,,,,,,,,,,,,,,,,
Supertile,./Tile/EXT_PMOD/EXT_PMOD.csv,,,,,,,,,,,,,,,,,
Supertile,./Tile/NPU_CTRL_CFG/NPU_CTRL_CFG.csv,,,,,,,,,,,,,,,,,
Supertile,./Tile/NPU_ACCUM_N/NPU_ACCUM_N.csv,,,,,,,,,,,,,,,,,
Supertile,./Tile/NPU_ACCUM_S/NPU_ACCUM_S.csv,,,,,,,,,,,,,,,,,
,,,,,,,,,,,,,,,,,,

ParametersEnd,,,,,,,,,,,,,,,,,,
